{
    "info": {
        "year": "2021",
        "version": "1",
        "description": "Exported from roboflow.ai",
        "contributor": "",
        "url": "https://app.roboflow.ai/datasets/chess-sample-qwb1v/1",
        "date_created": "2021-02-19T05:56:02+00:00"
    },
    "licenses": [
        {
            "id": 1,
            "url": "",
            "name": "Unknown"
        }
    ],
    "categories": [
        {
            "id": 0,
            "name": "Pieces",
            "supercategory": "none"
        },
        {
            "id": 1,
            "name": "fig",
            "supercategory": "Pieces"
        },
        {
            "id": 2,
            "name": "gold ingot",
            "supercategory": "Pieces"
        },
        {
            "id": 3,
            "name": "nut",
            "supercategory": "Pieces"
        },
        {
            "id": 4,
            "name": "red dates",
            "supercategory": "Pieces"
        }
    ],
    "images": [
        {
            "id": 0,
            "license": 1,
            "file_name": "image4.rf.2fe6c14cbe3f9c3b562ef9151b0ee4ef.jpg",
            "height": 416,
            "width": 416,
            "date_captured": "2021-02-19T05:56:02+00:00"
        },
        {
            "id": 1,
            "license": 1,
            "file_name": "image2.rf.e68cf15fd959affefa3cd9838911fb6d.jpg",
            "height": 416,
            "width": 416,
            "date_captured": "2021-02-19T05:56:02+00:00"
        },
        {
            "id": 2,
            "license": 1,
            "file_name": "image5.rf.38c873e3e8d314fc0239c3b07afe9484.jpg",
            "height": 416,
            "width": 416,
            "date_captured": "2021-02-19T05:56:02+00:00"
        },
        {
            "id": 3,
            "license": 1,
            "file_name": "image4.rf.c9b32e8d056d4ba95d62786c288ff7c3.jpg",
            "height": 416,
            "width": 416,
            "date_captured": "2021-02-19T05:56:02+00:00"
        },
        {
            "id": 4,
            "license": 1,
            "file_name": "image10.rf.da6618724f573ebc4dce5f0e7d138162.jpg",
            "height": 416,
            "width": 416,
            "date_captured": "2021-02-19T05:56:02+00:00"
        },
        {
            "id": 5,
            "license": 1,
            "file_name": "image1.rf.4c9d58a9529d426f49a76519a8a70b27.jpg",
            "height": 416,
            "width": 416,
            "date_captured": "2021-02-19T05:56:02+00:00"
        },
        {
            "id": 6,
            "license": 1,
            "file_name": "image3.rf.6e419fde19bfe7753034738438778f77.jpg",
            "height": 416,
            "width": 416,
            "date_captured": "2021-02-19T05:56:02+00:00"
        },
        {
            "id": 7,
            "license": 1,
            "file_name": "image1.rf.51af134a2649ffb6b035c88f13c730c3.jpg",
            "height": 416,
            "width": 416,
            "date_captured": "2021-02-19T05:56:02+00:00"
        },
        {
            "id": 8,
            "license": 1,
            "file_name": "image4.rf.8eb8ec5007d103061047b610f2857aa0.jpg",
            "height": 416,
            "width": 416,
            "date_captured": "2021-02-19T05:56:02+00:00"
        },
        {
            "id": 9,
            "license": 1,
            "file_name": "image5.rf.d931841dd9e5147434129a6b5cbbb755.jpg",
            "height": 416,
            "width": 416,
            "date_captured": "2021-02-19T05:56:02+00:00"
        },
        {
            "id": 10,
            "license": 1,
            "file_name": "image3.rf.1f8bb81307578d7203adcee8415c3cbf.jpg",
            "height": 416,
            "width": 416,
            "date_captured": "2021-02-19T05:56:02+00:00"
        },
        {
            "id": 11,
            "license": 1,
            "file_name": "image3.rf.18173cc0f9eab7d28a3d89b0bab07ecf.jpg",
            "height": 416,
            "width": 416,
            "date_captured": "2021-02-19T05:56:02+00:00"
        },
        {
            "id": 12,
            "license": 1,
            "file_name": "image10.rf.558a3ecfa51a94bd1d0e424a14823d3f.jpg",
            "height": 416,
            "width": 416,
            "date_captured": "2021-02-19T05:56:02+00:00"
        },
        {
            "id": 13,
            "license": 1,
            "file_name": "image1.rf.70eae8aa99781431959cbc8d879cc3e9.jpg",
            "height": 416,
            "width": 416,
            "date_captured": "2021-02-19T05:56:02+00:00"
        },
        {
            "id": 14,
            "license": 1,
            "file_name": "image10.rf.f8c4e26db888f303157521f096fe70cd.jpg",
            "height": 416,
            "width": 416,
            "date_captured": "2021-02-19T05:56:02+00:00"
        },
        {
            "id": 15,
            "license": 1,
            "file_name": "image5.rf.95079d1ec36475dc0949a95312dc40a3.jpg",
            "height": 416,
            "width": 416,
            "date_captured": "2021-02-19T05:56:02+00:00"
        },
        {
            "id": 16,
            "license": 1,
            "file_name": "image2.rf.dbc36a769e2d407778caf4c9ee8dc791.jpg",
            "height": 416,
            "width": 416,
            "date_captured": "2021-02-19T05:56:02+00:00"
        },
        {
            "id": 17,
            "license": 1,
            "file_name": "image2.rf.7311d568aa59fb6659b01d91e725ab90.jpg",
            "height": 416,
            "width": 416,
            "date_captured": "2021-02-19T05:56:02+00:00"
        }
    ],
    "annotations": [
        {
            "id": 0,
            "image_id": 0,
            "category_id": 1,
            "bbox": [
                213,
                3,
                70,
                87
            ],
            "area": 6090,
            "segmentation": [],
            "iscrowd": 0
        },
        {
            "id": 1,
            "image_id": 0,
            "category_id": 1,
            "bbox": [
                62,
                72,
                74,
                61
            ],
            "area": 4514,
            "segmentation": [],
            "iscrowd": 0
        },
        {
            "id": 2,
            "image_id": 0,
            "category_id": 1,
            "bbox": [
                198,
                178,
                52,
                104
            ],
            "area": 5408,
            "segmentation": [],
            "iscrowd": 0
        },
        {
            "id": 3,
            "image_id": 0,
            "category_id": 1,
            "bbox": [
                122,
                184,
                65,
                98
            ],
            "area": 6370,
            "segmentation": [],
            "iscrowd": 0
        },
        {
            "id": 4,
            "image_id": 0,
            "category_id": 3,
            "bbox": [
                276,
                71,
                40,
                59
            ],
            "area": 2360,
            "segmentation": [],
            "iscrowd": 0
        },
        {
            "id": 5,
            "image_id": 0,
            "category_id": 3,
            "bbox": [
                235,
                108,
                52,
                59
            ],
            "area": 3068,
            "segmentation": [],
            "iscrowd": 0
        },
        {
            "id": 6,
            "image_id": 0,
            "category_id": 2,
            "bbox": [
                132,
                136,
                74,
                50
            ],
            "area": 3700,
            "segmentation": [],
            "iscrowd": 0
        },
        {
            "id": 7,
            "image_id": 0,
            "category_id": 3,
            "bbox": [
                297,
                233,
                58,
                66
            ],
            "area": 3828,
            "segmentation": [],
            "iscrowd": 0
        },
        {
            "id": 8,
            "image_id": 0,
            "category_id": 4,
            "bbox": [
                260,
                277,
                90,
                106
            ],
            "area": 9540,
            "segmentation": [],
            "iscrowd": 0
        },
        {
            "id": 9,
            "image_id": 0,
            "category_id": 4,
            "bbox": [
                231,
                342,
                72,
                73
            ],
            "area": 5256,
            "segmentation": [],
            "iscrowd": 0
        },
        {
            "id": 10,
            "image_id": 0,
            "category_id": 4,
            "bbox": [
                135,
                296,
                79,
                105
            ],
            "area": 8295,
            "segmentation": [],
            "iscrowd": 0
        },
        {
            "id": 11,
            "image_id": 0,
            "category_id": 4,
            "bbox": [
                69,
                273,
                65,
                131
            ],
            "area": 8515,
            "segmentation": [],
            "iscrowd": 0
        },
        {
            "id": 12,
            "image_id": 0,
            "category_id": 4,
            "bbox": [
                9,
                166,
                89,
                129
            ],
            "area": 11481,
            "segmentation": [],
            "iscrowd": 0
        },
        {
            "id": 13,
            "image_id": 1,
            "category_id": 3,
            "bbox": [
                373,
                102,
                42,
                75
            ],
            "area": 3150,
            "segmentation": [],
            "iscrowd": 0
        },
        {
            "id": 14,
            "image_id": 1,
            "category_id": 3,
            "bbox": [
                242,
                13,
                51,
                64
            ],
            "area": 3264,
            "segmentation": [],
            "iscrowd": 0
        },
        {
            "id": 15,
            "image_id": 1,
            "category_id": 3,
            "bbox": [
                27,
                66,
                52,
                80
            ],
            "area": 4160,
            "segmentation": [],
            "iscrowd": 0
        },
        {
            "id": 16,
            "image_id": 1,
            "category_id": 2,
            "bbox": [
                284,
                128,
                53,
                113
            ],
            "area": 5989,
            "segmentation": [],
            "iscrowd": 0
        },
        {
            "id": 17,
            "image_id": 1,
            "category_id": 2,
            "bbox": [
                224,
                137,
                56,
                115
            ],
            "area": 6440,
            "segmentation": [],
            "iscrowd": 0
        },
        {
            "id": 18,
            "image_id": 1,
            "category_id": 1,
            "bbox": [
                141,
                43,
                78,
                108
            ],
            "area": 8424,
            "segmentation": [],
            "iscrowd": 0
        },
        {
            "id": 19,
            "image_id": 1,
            "category_id": 4,
            "bbox": [
                283,
                275,
                94,
                137
            ],
            "area": 12878,
            "segmentation": [],
            "iscrowd": 0
        },
        {
            "id": 20,
            "image_id": 1,
            "category_id": 4,
            "bbox": [
                169,
                211,
                111,
                150
            ],
            "area": 16650,
            "segmentation": [],
            "iscrowd": 0
        },
        {
            "id": 21,
            "image_id": 1,
            "category_id": 4,
            "bbox": [
                57,
                150,
                121,
                99
            ],
            "area": 11979,
            "segmentation": [],
            "iscrowd": 0
        },
        {
            "id": 22,
            "image_id": 1,
            "category_id": 4,
            "bbox": [
                123,
                319,
                104,
                96
            ],
            "area": 9984,
            "segmentation": [],
            "iscrowd": 0
        },
        {
            "id": 23,
            "image_id": 1,
            "category_id": 4,
            "bbox": [
                0,
                230,
                85,
                160
            ],
            "area": 13600,
            "segmentation": [],
            "iscrowd": 0
        },
        {
            "id": 24,
            "image_id": 2,
            "category_id": 3,
            "bbox": [
                10,
                272,
                51,
                61
            ],
            "area": 3111,
            "segmentation": [],
            "iscrowd": 0
        },
        {
            "id": 25,
            "image_id": 2,
            "category_id": 3,
            "bbox": [
                64,
                63,
                39,
                54
            ],
            "area": 2106,
            "segmentation": [],
            "iscrowd": 0
        },
        {
            "id": 26,
            "image_id": 2,
            "category_id": 3,
            "bbox": [
                127,
                33,
                37,
                57
            ],
            "area": 2109,
            "segmentation": [],
            "iscrowd": 0
        },
        {
            "id": 27,
            "image_id": 2,
            "category_id": 3,
            "bbox": [
                250,
                33,
                38,
                52
            ],
            "area": 1976,
            "segmentation": [],
            "iscrowd": 0
        },
        {
            "id": 28,
            "image_id": 2,
            "category_id": 4,
            "bbox": [
                46,
                142,
                65,
                126
            ],
            "area": 8190,
            "segmentation": [],
            "iscrowd": 0
        },
        {
            "id": 29,
            "image_id": 2,
            "category_id": 4,
            "bbox": [
                105,
                157,
                71,
                117
            ],
            "area": 8307,
            "segmentation": [],
            "iscrowd": 0
        },
        {
            "id": 30,
            "image_id": 2,
            "category_id": 4,
            "bbox": [
                196,
                176,
                81,
                101
            ],
            "area": 8181,
            "segmentation": [],
            "iscrowd": 0
        },
        {
            "id": 31,
            "image_id": 2,
            "category_id": 4,
            "bbox": [
                103,
                328,
                91,
                87
            ],
            "area": 7917,
            "segmentation": [],
            "iscrowd": 0
        },
        {
            "id": 32,
            "image_id": 2,
            "category_id": 4,
            "bbox": [
                216,
                319,
                58,
                96
            ],
            "area": 5568,
            "segmentation": [],
            "iscrowd": 0
        },
        {
            "id": 33,
            "image_id": 2,
            "category_id": 1,
            "bbox": [
                129,
                77,
                47,
                87
            ],
            "area": 4089,
            "segmentation": [],
            "iscrowd": 0
        },
        {
            "id": 34,
            "image_id": 2,
            "category_id": 1,
            "bbox": [
                192,
                56,
                79,
                87
            ],
            "area": 6873,
            "segmentation": [],
            "iscrowd": 0
        },
        {
            "id": 35,
            "image_id": 2,
            "category_id": 1,
            "bbox": [
                331,
                69,
                50,
                76
            ],
            "area": 3800,
            "segmentation": [],
            "iscrowd": 0
        },
        {
            "id": 36,
            "image_id": 2,
            "category_id": 1,
            "bbox": [
                272,
                185,
                53,
                87
            ],
            "area": 4611,
            "segmentation": [],
            "iscrowd": 0
        },
        {
            "id": 37,
            "image_id": 2,
            "category_id": 2,
            "bbox": [
                161,
                272,
                67,
                42
            ],
            "area": 2814,
            "segmentation": [],
            "iscrowd": 0
        },
        {
            "id": 38,
            "image_id": 2,
            "category_id": 2,
            "bbox": [
                113,
                273,
                51,
                75
            ],
            "area": 3825,
            "segmentation": [],
            "iscrowd": 0
        },
        {
            "id": 39,
            "image_id": 3,
            "category_id": 1,
            "bbox": [
                117,
                0,
                78,
                67
            ],
            "area": 5226,
            "segmentation": [],
            "iscrowd": 0
        },
        {
            "id": 40,
            "image_id": 3,
            "category_id": 1,
            "bbox": [
                271,
                49,
                80,
                67
            ],
            "area": 5360,
            "segmentation": [],
            "iscrowd": 0
        },
        {
            "id": 41,
            "image_id": 3,
            "category_id": 1,
            "bbox": [
                145,
                157,
                59,
                112
            ],
            "area": 6608,
            "segmentation": [],
            "iscrowd": 0
        },
        {
            "id": 42,
            "image_id": 3,
            "category_id": 1,
            "bbox": [
                212,
                165,
                72,
                105
            ],
            "area": 7560,
            "segmentation": [],
            "iscrowd": 0
        },
        {
            "id": 43,
            "image_id": 3,
            "category_id": 3,
            "bbox": [
                82,
                41,
                44,
                64
            ],
            "area": 2816,
            "segmentation": [],
            "iscrowd": 0
        },
        {
            "id": 44,
            "image_id": 3,
            "category_id": 3,
            "bbox": [
                113,
                82,
                56,
                65
            ],
            "area": 3640,
            "segmentation": [],
            "iscrowd": 0
        },
        {
            "id": 45,
            "image_id": 3,
            "category_id": 2,
            "bbox": [
                196,
                115,
                80,
                55
            ],
            "area": 4400,
            "segmentation": [],
            "iscrowd": 0
        },
        {
            "id": 46,
            "image_id": 3,
            "category_id": 3,
            "bbox": [
                36,
                211,
                63,
                72
            ],
            "area": 4536,
            "segmentation": [],
            "iscrowd": 0
        },
        {
            "id": 47,
            "image_id": 3,
            "category_id": 4,
            "bbox": [
                37,
                257,
                99,
                115
            ],
            "area": 11385,
            "segmentation": [],
            "iscrowd": 0
        },
        {
            "id": 48,
            "image_id": 3,
            "category_id": 4,
            "bbox": [
                85,
                328,
                78,
                85
            ],
            "area": 6630,
            "segmentation": [],
            "iscrowd": 0
        },
        {
            "id": 49,
            "image_id": 3,
            "category_id": 4,
            "bbox": [
                180,
                283,
                87,
                113
            ],
            "area": 9831,
            "segmentation": [],
            "iscrowd": 0
        },
        {
            "id": 50,
            "image_id": 3,
            "category_id": 4,
            "bbox": [
                264,
                261,
                73,
                140
            ],
            "area": 10220,
            "segmentation": [],
            "iscrowd": 0
        },
        {
            "id": 51,
            "image_id": 3,
            "category_id": 4,
            "bbox": [
                306,
                150,
                99,
                139
            ],
            "area": 13761,
            "segmentation": [],
            "iscrowd": 0
        },
        {
            "id": 52,
            "image_id": 4,
            "category_id": 4,
            "bbox": [
                29,
                92,
                96,
                108
            ],
            "area": 10368,
            "segmentation": [],
            "iscrowd": 0
        },
        {
            "id": 53,
            "image_id": 4,
            "category_id": 4,
            "bbox": [
                0,
                182,
                62,
                114
            ],
            "area": 7068,
            "segmentation": [],
            "iscrowd": 0
        },
        {
            "id": 54,
            "image_id": 4,
            "category_id": 4,
            "bbox": [
                37,
                288,
                90,
                86
            ],
            "area": 7740,
            "segmentation": [],
            "iscrowd": 0
        },
        {
            "id": 55,
            "image_id": 4,
            "category_id": 2,
            "bbox": [
                57,
                201,
                39,
                90
            ],
            "area": 3510,
            "segmentation": [],
            "iscrowd": 0
        },
        {
            "id": 56,
            "image_id": 4,
            "category_id": 3,
            "bbox": [
                170,
                324,
                47,
                61
            ],
            "area": 2867,
            "segmentation": [],
            "iscrowd": 0
        },
        {
            "id": 57,
            "image_id": 4,
            "category_id": 1,
            "bbox": [
                157,
                12,
                72,
                82
            ],
            "area": 5904,
            "segmentation": [],
            "iscrowd": 0
        },
        {
            "id": 58,
            "image_id": 4,
            "category_id": 1,
            "bbox": [
                249,
                59,
                88,
                117
            ],
            "area": 10296,
            "segmentation": [],
            "iscrowd": 0
        },
        {
            "id": 59,
            "image_id": 5,
            "category_id": 4,
            "bbox": [
                51,
                65,
                78,
                123
            ],
            "area": 9594,
            "segmentation": [],
            "iscrowd": 0
        },
        {
            "id": 60,
            "image_id": 5,
            "category_id": 4,
            "bbox": [
                170,
                219,
                79,
                72
            ],
            "area": 5688,
            "segmentation": [],
            "iscrowd": 0
        },
        {
            "id": 61,
            "image_id": 5,
            "category_id": 4,
            "bbox": [
                229,
                288,
                87,
                80
            ],
            "area": 6960,
            "segmentation": [],
            "iscrowd": 0
        },
        {
            "id": 62,
            "image_id": 5,
            "category_id": 4,
            "bbox": [
                305,
                174,
                76,
                100
            ],
            "area": 7600,
            "segmentation": [],
            "iscrowd": 0
        },
        {
            "id": 63,
            "image_id": 5,
            "category_id": 4,
            "bbox": [
                319,
                275,
                69,
                117
            ],
            "area": 8073,
            "segmentation": [],
            "iscrowd": 0
        },
        {
            "id": 64,
            "image_id": 5,
            "category_id": 3,
            "bbox": [
                43,
                207,
                46,
                65
            ],
            "area": 2990,
            "segmentation": [],
            "iscrowd": 0
        },
        {
            "id": 65,
            "image_id": 5,
            "category_id": 3,
            "bbox": [
                128,
                157,
                40,
                50
            ],
            "area": 2000,
            "segmentation": [],
            "iscrowd": 0
        },
        {
            "id": 66,
            "image_id": 5,
            "category_id": 3,
            "bbox": [
                278,
                140,
                44,
                64
            ],
            "area": 2816,
            "segmentation": [],
            "iscrowd": 0
        },
        {
            "id": 67,
            "image_id": 5,
            "category_id": 2,
            "bbox": [
                136,
                88,
                59,
                64
            ],
            "area": 3776,
            "segmentation": [],
            "iscrowd": 0
        },
        {
            "id": 68,
            "image_id": 5,
            "category_id": 2,
            "bbox": [
                165,
                138,
                48,
                75
            ],
            "area": 3600,
            "segmentation": [],
            "iscrowd": 0
        },
        {
            "id": 69,
            "image_id": 5,
            "category_id": 2,
            "bbox": [
                254,
                84,
                66,
                38
            ],
            "area": 2508,
            "segmentation": [],
            "iscrowd": 0
        },
        {
            "id": 70,
            "image_id": 5,
            "category_id": 1,
            "bbox": [
                105,
                182,
                60,
                114
            ],
            "area": 6840,
            "segmentation": [],
            "iscrowd": 0
        },
        {
            "id": 71,
            "image_id": 5,
            "category_id": 1,
            "bbox": [
                196,
                74,
                94,
                84
            ],
            "area": 7896,
            "segmentation": [],
            "iscrowd": 0
        },
        {
            "id": 72,
            "image_id": 5,
            "category_id": 1,
            "bbox": [
                305,
                110,
                75,
                57
            ],
            "area": 4275,
            "segmentation": [],
            "iscrowd": 0
        },
        {
            "id": 73,
            "image_id": 6,
            "category_id": 3,
            "bbox": [
                255,
                130,
                57,
                53
            ],
            "area": 3021,
            "segmentation": [],
            "iscrowd": 0
        },
        {
            "id": 74,
            "image_id": 6,
            "category_id": 3,
            "bbox": [
                303,
                201,
                60,
                70
            ],
            "area": 4200,
            "segmentation": [],
            "iscrowd": 0
        },
        {
            "id": 75,
            "image_id": 6,
            "category_id": 3,
            "bbox": [
                277,
                250,
                50,
                68
            ],
            "area": 3400,
            "segmentation": [],
            "iscrowd": 0
        },
        {
            "id": 76,
            "image_id": 6,
            "category_id": 1,
            "bbox": [
                215,
                15,
                66,
                116
            ],
            "area": 7656,
            "segmentation": [],
            "iscrowd": 0
        },
        {
            "id": 77,
            "image_id": 6,
            "category_id": 1,
            "bbox": [
                207,
                183,
                73,
                155
            ],
            "area": 11315,
            "segmentation": [],
            "iscrowd": 0
        },
        {
            "id": 78,
            "image_id": 6,
            "category_id": 4,
            "bbox": [
                52,
                127,
                130,
                122
            ],
            "area": 15860,
            "segmentation": [],
            "iscrowd": 0
        },
        {
            "id": 79,
            "image_id": 7,
            "category_id": 4,
            "bbox": [
                4,
                48,
                87,
                137
            ],
            "area": 11919,
            "segmentation": [],
            "iscrowd": 0
        },
        {
            "id": 80,
            "image_id": 7,
            "category_id": 4,
            "bbox": [
                137,
                218,
                88,
                80
            ],
            "area": 7040,
            "segmentation": [],
            "iscrowd": 0
        },
        {
            "id": 81,
            "image_id": 7,
            "category_id": 4,
            "bbox": [
                202,
                295,
                97,
                90
            ],
            "area": 8730,
            "segmentation": [],
            "iscrowd": 0
        },
        {
            "id": 82,
            "image_id": 7,
            "category_id": 4,
            "bbox": [
                286,
                169,
                85,
                110
            ],
            "area": 9350,
            "segmentation": [],
            "iscrowd": 0
        },
        {
            "id": 83,
            "image_id": 7,
            "category_id": 4,
            "bbox": [
                303,
                281,
                76,
                129
            ],
            "area": 9804,
            "segmentation": [],
            "iscrowd": 0
        },
        {
            "id": 84,
            "image_id": 7,
            "category_id": 3,
            "bbox": [
                0,
                205,
                49,
                74
            ],
            "area": 3626,
            "segmentation": [],
            "iscrowd": 0
        },
        {
            "id": 85,
            "image_id": 7,
            "category_id": 3,
            "bbox": [
                91,
                150,
                44,
                56
            ],
            "area": 2464,
            "segmentation": [],
            "iscrowd": 0
        },
        {
            "id": 86,
            "image_id": 7,
            "category_id": 3,
            "bbox": [
                257,
                132,
                49,
                71
            ],
            "area": 3479,
            "segmentation": [],
            "iscrowd": 0
        },
        {
            "id": 87,
            "image_id": 7,
            "category_id": 2,
            "bbox": [
                99,
                73,
                66,
                71
            ],
            "area": 4686,
            "segmentation": [],
            "iscrowd": 0
        },
        {
            "id": 88,
            "image_id": 7,
            "category_id": 2,
            "bbox": [
                131,
                129,
                53,
                83
            ],
            "area": 4399,
            "segmentation": [],
            "iscrowd": 0
        },
        {
            "id": 89,
            "image_id": 7,
            "category_id": 2,
            "bbox": [
                230,
                70,
                73,
                42
            ],
            "area": 3066,
            "segmentation": [],
            "iscrowd": 0
        },
        {
            "id": 90,
            "image_id": 7,
            "category_id": 1,
            "bbox": [
                65,
                178,
                67,
                127
            ],
            "area": 8509,
            "segmentation": [],
            "iscrowd": 0
        },
        {
            "id": 91,
            "image_id": 7,
            "category_id": 1,
            "bbox": [
                166,
                58,
                105,
                93
            ],
            "area": 9765,
            "segmentation": [],
            "iscrowd": 0
        },
        {
            "id": 92,
            "image_id": 7,
            "category_id": 1,
            "bbox": [
                287,
                97,
                84,
                63
            ],
            "area": 5292,
            "segmentation": [],
            "iscrowd": 0
        },
        {
            "id": 93,
            "image_id": 8,
            "category_id": 1,
            "bbox": [
                132,
                0,
                69,
                76
            ],
            "area": 5244,
            "segmentation": [],
            "iscrowd": 0
        },
        {
            "id": 94,
            "image_id": 8,
            "category_id": 1,
            "bbox": [
                264,
                63,
                70,
                59
            ],
            "area": 4130,
            "segmentation": [],
            "iscrowd": 0
        },
        {
            "id": 95,
            "image_id": 8,
            "category_id": 1,
            "bbox": [
                153,
                154,
                52,
                97
            ],
            "area": 5044,
            "segmentation": [],
            "iscrowd": 0
        },
        {
            "id": 96,
            "image_id": 8,
            "category_id": 1,
            "bbox": [
                210,
                162,
                63,
                91
            ],
            "area": 5733,
            "segmentation": [],
            "iscrowd": 0
        },
        {
            "id": 97,
            "image_id": 8,
            "category_id": 3,
            "bbox": [
                100,
                53,
                39,
                56
            ],
            "area": 2184,
            "segmentation": [],
            "iscrowd": 0
        },
        {
            "id": 98,
            "image_id": 8,
            "category_id": 3,
            "bbox": [
                125,
                88,
                50,
                57
            ],
            "area": 2850,
            "segmentation": [],
            "iscrowd": 0
        },
        {
            "id": 99,
            "image_id": 8,
            "category_id": 2,
            "bbox": [
                197,
                118,
                70,
                49
            ],
            "area": 3430,
            "segmentation": [],
            "iscrowd": 0
        },
        {
            "id": 100,
            "image_id": 8,
            "category_id": 3,
            "bbox": [
                58,
                199,
                55,
                62
            ],
            "area": 3410,
            "segmentation": [],
            "iscrowd": 0
        },
        {
            "id": 101,
            "image_id": 8,
            "category_id": 4,
            "bbox": [
                57,
                239,
                87,
                100
            ],
            "area": 8700,
            "segmentation": [],
            "iscrowd": 0
        },
        {
            "id": 102,
            "image_id": 8,
            "category_id": 4,
            "bbox": [
                96,
                301,
                71,
                112
            ],
            "area": 7952,
            "segmentation": [],
            "iscrowd": 0
        },
        {
            "id": 103,
            "image_id": 8,
            "category_id": 4,
            "bbox": [
                181,
                263,
                76,
                99
            ],
            "area": 7524,
            "segmentation": [],
            "iscrowd": 0
        },
        {
            "id": 104,
            "image_id": 8,
            "category_id": 4,
            "bbox": [
                254,
                245,
                65,
                121
            ],
            "area": 7865,
            "segmentation": [],
            "iscrowd": 0
        },
        {
            "id": 105,
            "image_id": 8,
            "category_id": 4,
            "bbox": [
                291,
                151,
                87,
                121
            ],
            "area": 10527,
            "segmentation": [],
            "iscrowd": 0
        },
        {
            "id": 106,
            "image_id": 9,
            "category_id": 3,
            "bbox": [
                34,
                269,
                55,
                64
            ],
            "area": 3520,
            "segmentation": [],
            "iscrowd": 0
        },
        {
            "id": 107,
            "image_id": 9,
            "category_id": 3,
            "bbox": [
                77,
                54,
                43,
                57
            ],
            "area": 2451,
            "segmentation": [],
            "iscrowd": 0
        },
        {
            "id": 108,
            "image_id": 9,
            "category_id": 3,
            "bbox": [
                140,
                20,
                41,
                60
            ],
            "area": 2460,
            "segmentation": [],
            "iscrowd": 0
        },
        {
            "id": 109,
            "image_id": 9,
            "category_id": 3,
            "bbox": [
                264,
                14,
                42,
                55
            ],
            "area": 2310,
            "segmentation": [],
            "iscrowd": 0
        },
        {
            "id": 110,
            "image_id": 9,
            "category_id": 4,
            "bbox": [
                63,
                134,
                72,
                131
            ],
            "area": 9432,
            "segmentation": [],
            "iscrowd": 0
        },
        {
            "id": 111,
            "image_id": 9,
            "category_id": 4,
            "bbox": [
                125,
                146,
                78,
                123
            ],
            "area": 9594,
            "segmentation": [],
            "iscrowd": 0
        },
        {
            "id": 112,
            "image_id": 9,
            "category_id": 4,
            "bbox": [
                218,
                160,
                87,
                106
            ],
            "area": 9222,
            "segmentation": [],
            "iscrowd": 0
        },
        {
            "id": 113,
            "image_id": 9,
            "category_id": 4,
            "bbox": [
                131,
                319,
                96,
                94
            ],
            "area": 9024,
            "segmentation": [],
            "iscrowd": 0
        },
        {
            "id": 114,
            "image_id": 9,
            "category_id": 4,
            "bbox": [
                245,
                305,
                64,
                108
            ],
            "area": 6912,
            "segmentation": [],
            "iscrowd": 0
        },
        {
            "id": 115,
            "image_id": 9,
            "category_id": 1,
            "bbox": [
                145,
                64,
                52,
                91
            ],
            "area": 4732,
            "segmentation": [],
            "iscrowd": 0
        },
        {
            "id": 116,
            "image_id": 9,
            "category_id": 1,
            "bbox": [
                207,
                38,
                85,
                93
            ],
            "area": 7905,
            "segmentation": [],
            "iscrowd": 0
        },
        {
            "id": 117,
            "image_id": 9,
            "category_id": 1,
            "bbox": [
                349,
                45,
                55,
                80
            ],
            "area": 4400,
            "segmentation": [],
            "iscrowd": 0
        },
        {
            "id": 118,
            "image_id": 9,
            "category_id": 1,
            "bbox": [
                295,
                166,
                59,
                91
            ],
            "area": 5369,
            "segmentation": [],
            "iscrowd": 0
        },
        {
            "id": 119,
            "image_id": 9,
            "category_id": 2,
            "bbox": [
                187,
                259,
                70,
                46
            ],
            "area": 3220,
            "segmentation": [],
            "iscrowd": 0
        },
        {
            "id": 120,
            "image_id": 9,
            "category_id": 2,
            "bbox": [
                138,
                265,
                56,
                78
            ],
            "area": 4368,
            "segmentation": [],
            "iscrowd": 0
        },
        {
            "id": 121,
            "image_id": 10,
            "category_id": 3,
            "bbox": [
                104,
                128,
                59,
                56
            ],
            "area": 3304,
            "segmentation": [],
            "iscrowd": 0
        },
        {
            "id": 122,
            "image_id": 10,
            "category_id": 3,
            "bbox": [
                56,
                204,
                63,
                73
            ],
            "area": 4599,
            "segmentation": [],
            "iscrowd": 0
        },
        {
            "id": 123,
            "image_id": 10,
            "category_id": 3,
            "bbox": [
                96,
                252,
                52,
                70
            ],
            "area": 3640,
            "segmentation": [],
            "iscrowd": 0
        },
        {
            "id": 124,
            "image_id": 10,
            "category_id": 1,
            "bbox": [
                130,
                10,
                69,
                119
            ],
            "area": 8211,
            "segmentation": [],
            "iscrowd": 0
        },
        {
            "id": 125,
            "image_id": 10,
            "category_id": 1,
            "bbox": [
                141,
                181,
                77,
                159
            ],
            "area": 12243,
            "segmentation": [],
            "iscrowd": 0
        },
        {
            "id": 126,
            "image_id": 10,
            "category_id": 4,
            "bbox": [
                238,
                116,
                134,
                127
            ],
            "area": 17018,
            "segmentation": [],
            "iscrowd": 0
        },
        {
            "id": 127,
            "image_id": 11,
            "category_id": 3,
            "bbox": [
                98,
                131,
                61,
                58
            ],
            "area": 3538,
            "segmentation": [],
            "iscrowd": 0
        },
        {
            "id": 128,
            "image_id": 11,
            "category_id": 3,
            "bbox": [
                53,
                209,
                65,
                75
            ],
            "area": 4875,
            "segmentation": [],
            "iscrowd": 0
        },
        {
            "id": 129,
            "image_id": 11,
            "category_id": 3,
            "bbox": [
                93,
                257,
                55,
                72
            ],
            "area": 3960,
            "segmentation": [],
            "iscrowd": 0
        },
        {
            "id": 130,
            "image_id": 11,
            "category_id": 1,
            "bbox": [
                120,
                11,
                74,
                122
            ],
            "area": 9028,
            "segmentation": [],
            "iscrowd": 0
        },
        {
            "id": 131,
            "image_id": 11,
            "category_id": 1,
            "bbox": [
                136,
                181,
                83,
                163
            ],
            "area": 13529,
            "segmentation": [],
            "iscrowd": 0
        },
        {
            "id": 132,
            "image_id": 11,
            "category_id": 4,
            "bbox": [
                231,
                112,
                139,
                132
            ],
            "area": 18348,
            "segmentation": [],
            "iscrowd": 0
        },
        {
            "id": 133,
            "image_id": 12,
            "category_id": 4,
            "bbox": [
                283,
                105,
                99,
                111
            ],
            "area": 10989,
            "segmentation": [],
            "iscrowd": 0
        },
        {
            "id": 134,
            "image_id": 12,
            "category_id": 4,
            "bbox": [
                353,
                193,
                62,
                114
            ],
            "area": 7068,
            "segmentation": [],
            "iscrowd": 0
        },
        {
            "id": 135,
            "image_id": 12,
            "category_id": 4,
            "bbox": [
                295,
                301,
                93,
                89
            ],
            "area": 8277,
            "segmentation": [],
            "iscrowd": 0
        },
        {
            "id": 136,
            "image_id": 12,
            "category_id": 2,
            "bbox": [
                319,
                215,
                42,
                91
            ],
            "area": 3822,
            "segmentation": [],
            "iscrowd": 0
        },
        {
            "id": 137,
            "image_id": 12,
            "category_id": 3,
            "bbox": [
                208,
                345,
                48,
                62
            ],
            "area": 2976,
            "segmentation": [],
            "iscrowd": 0
        },
        {
            "id": 138,
            "image_id": 12,
            "category_id": 1,
            "bbox": [
                174,
                34,
                75,
                84
            ],
            "area": 6300,
            "segmentation": [],
            "iscrowd": 0
        },
        {
            "id": 139,
            "image_id": 12,
            "category_id": 1,
            "bbox": [
                71,
                88,
                91,
                119
            ],
            "area": 10829,
            "segmentation": [],
            "iscrowd": 0
        },
        {
            "id": 140,
            "image_id": 13,
            "category_id": 4,
            "bbox": [
                306,
                82,
                94,
                143
            ],
            "area": 13442,
            "segmentation": [],
            "iscrowd": 0
        },
        {
            "id": 141,
            "image_id": 13,
            "category_id": 4,
            "bbox": [
                175,
                261,
                93,
                85
            ],
            "area": 7905,
            "segmentation": [],
            "iscrowd": 0
        },
        {
            "id": 142,
            "image_id": 13,
            "category_id": 4,
            "bbox": [
                102,
                341,
                103,
                74
            ],
            "area": 7622,
            "segmentation": [],
            "iscrowd": 0
        },
        {
            "id": 143,
            "image_id": 13,
            "category_id": 4,
            "bbox": [
                25,
                216,
                90,
                116
            ],
            "area": 10440,
            "segmentation": [],
            "iscrowd": 0
        },
        {
            "id": 144,
            "image_id": 13,
            "category_id": 4,
            "bbox": [
                19,
                331,
                82,
                84
            ],
            "area": 6888,
            "segmentation": [],
            "iscrowd": 0
        },
        {
            "id": 145,
            "image_id": 13,
            "category_id": 3,
            "bbox": [
                357,
                244,
                55,
                75
            ],
            "area": 4125,
            "segmentation": [],
            "iscrowd": 0
        },
        {
            "id": 146,
            "image_id": 13,
            "category_id": 3,
            "bbox": [
                265,
                190,
                47,
                58
            ],
            "area": 2726,
            "segmentation": [],
            "iscrowd": 0
        },
        {
            "id": 147,
            "image_id": 13,
            "category_id": 3,
            "bbox": [
                89,
                177,
                53,
                74
            ],
            "area": 3922,
            "segmentation": [],
            "iscrowd": 0
        },
        {
            "id": 148,
            "image_id": 13,
            "category_id": 2,
            "bbox": [
                232,
                112,
                69,
                74
            ],
            "area": 5106,
            "segmentation": [],
            "iscrowd": 0
        },
        {
            "id": 149,
            "image_id": 13,
            "category_id": 2,
            "bbox": [
                214,
                170,
                57,
                87
            ],
            "area": 4959,
            "segmentation": [],
            "iscrowd": 0
        },
        {
            "id": 150,
            "image_id": 13,
            "category_id": 2,
            "bbox": [
                90,
                112,
                76,
                46
            ],
            "area": 3496,
            "segmentation": [],
            "iscrowd": 0
        },
        {
            "id": 151,
            "image_id": 13,
            "category_id": 1,
            "bbox": [
                270,
                217,
                72,
                132
            ],
            "area": 9504,
            "segmentation": [],
            "iscrowd": 0
        },
        {
            "id": 152,
            "image_id": 13,
            "category_id": 1,
            "bbox": [
                123,
                98,
                110,
                98
            ],
            "area": 10780,
            "segmentation": [],
            "iscrowd": 0
        },
        {
            "id": 153,
            "image_id": 13,
            "category_id": 1,
            "bbox": [
                22,
                143,
                88,
                67
            ],
            "area": 5896,
            "segmentation": [],
            "iscrowd": 0
        },
        {
            "id": 154,
            "image_id": 14,
            "category_id": 4,
            "bbox": [
                251,
                87,
                99,
                111
            ],
            "area": 10989,
            "segmentation": [],
            "iscrowd": 0
        },
        {
            "id": 155,
            "image_id": 14,
            "category_id": 4,
            "bbox": [
                321,
                176,
                68,
                113
            ],
            "area": 7684,
            "segmentation": [],
            "iscrowd": 0
        },
        {
            "id": 156,
            "image_id": 14,
            "category_id": 4,
            "bbox": [
                262,
                283,
                93,
                89
            ],
            "area": 8277,
            "segmentation": [],
            "iscrowd": 0
        },
        {
            "id": 157,
            "image_id": 14,
            "category_id": 2,
            "bbox": [
                287,
                197,
                42,
                91
            ],
            "area": 3822,
            "segmentation": [],
            "iscrowd": 0
        },
        {
            "id": 158,
            "image_id": 14,
            "category_id": 3,
            "bbox": [
                176,
                326,
                48,
                62
            ],
            "area": 2976,
            "segmentation": [],
            "iscrowd": 0
        },
        {
            "id": 159,
            "image_id": 14,
            "category_id": 1,
            "bbox": [
                142,
                16,
                75,
                84
            ],
            "area": 6300,
            "segmentation": [],
            "iscrowd": 0
        },
        {
            "id": 160,
            "image_id": 14,
            "category_id": 1,
            "bbox": [
                39,
                70,
                91,
                119
            ],
            "area": 10829,
            "segmentation": [],
            "iscrowd": 0
        },
        {
            "id": 161,
            "image_id": 15,
            "category_id": 3,
            "bbox": [
                343,
                261,
                48,
                57
            ],
            "area": 2736,
            "segmentation": [],
            "iscrowd": 0
        },
        {
            "id": 162,
            "image_id": 15,
            "category_id": 3,
            "bbox": [
                297,
                66,
                37,
                51
            ],
            "area": 1887,
            "segmentation": [],
            "iscrowd": 0
        },
        {
            "id": 163,
            "image_id": 15,
            "category_id": 3,
            "bbox": [
                238,
                40,
                35,
                54
            ],
            "area": 1890,
            "segmentation": [],
            "iscrowd": 0
        },
        {
            "id": 164,
            "image_id": 15,
            "category_id": 3,
            "bbox": [
                122,
                44,
                36,
                49
            ],
            "area": 1764,
            "segmentation": [],
            "iscrowd": 0
        },
        {
            "id": 165,
            "image_id": 15,
            "category_id": 4,
            "bbox": [
                294,
                141,
                61,
                118
            ],
            "area": 7198,
            "segmentation": [],
            "iscrowd": 0
        },
        {
            "id": 166,
            "image_id": 15,
            "category_id": 4,
            "bbox": [
                232,
                157,
                67,
                111
            ],
            "area": 7437,
            "segmentation": [],
            "iscrowd": 0
        },
        {
            "id": 167,
            "image_id": 15,
            "category_id": 4,
            "bbox": [
                138,
                177,
                76,
                95
            ],
            "area": 7220,
            "segmentation": [],
            "iscrowd": 0
        },
        {
            "id": 168,
            "image_id": 15,
            "category_id": 4,
            "bbox": [
                221,
                318,
                85,
                83
            ],
            "area": 7055,
            "segmentation": [],
            "iscrowd": 0
        },
        {
            "id": 169,
            "image_id": 15,
            "category_id": 4,
            "bbox": [
                145,
                313,
                54,
                98
            ],
            "area": 5292,
            "segmentation": [],
            "iscrowd": 0
        },
        {
            "id": 170,
            "image_id": 15,
            "category_id": 1,
            "bbox": [
                229,
                81,
                44,
                82
            ],
            "area": 3608,
            "segmentation": [],
            "iscrowd": 0
        },
        {
            "id": 171,
            "image_id": 15,
            "category_id": 1,
            "bbox": [
                139,
                64,
                74,
                82
            ],
            "area": 6068,
            "segmentation": [],
            "iscrowd": 0
        },
        {
            "id": 172,
            "image_id": 15,
            "category_id": 1,
            "bbox": [
                35,
                80,
                48,
                72
            ],
            "area": 3456,
            "segmentation": [],
            "iscrowd": 0
        },
        {
            "id": 173,
            "image_id": 15,
            "category_id": 1,
            "bbox": [
                92,
                188,
                51,
                82
            ],
            "area": 4182,
            "segmentation": [],
            "iscrowd": 0
        },
        {
            "id": 174,
            "image_id": 15,
            "category_id": 2,
            "bbox": [
                186,
                266,
                63,
                40
            ],
            "area": 2520,
            "segmentation": [],
            "iscrowd": 0
        },
        {
            "id": 175,
            "image_id": 15,
            "category_id": 2,
            "bbox": [
                246,
                267,
                48,
                70
            ],
            "area": 3360,
            "segmentation": [],
            "iscrowd": 0
        },
        {
            "id": 176,
            "image_id": 16,
            "category_id": 3,
            "bbox": [
                6,
                62,
                46,
                70
            ],
            "area": 3220,
            "segmentation": [],
            "iscrowd": 0
        },
        {
            "id": 177,
            "image_id": 16,
            "category_id": 3,
            "bbox": [
                137,
                0,
                50,
                52
            ],
            "area": 2600,
            "segmentation": [],
            "iscrowd": 0
        },
        {
            "id": 178,
            "image_id": 16,
            "category_id": 3,
            "bbox": [
                333,
                61,
                49,
                76
            ],
            "area": 3724,
            "segmentation": [],
            "iscrowd": 0
        },
        {
            "id": 179,
            "image_id": 16,
            "category_id": 2,
            "bbox": [
                83,
                95,
                50,
                107
            ],
            "area": 5350,
            "segmentation": [],
            "iscrowd": 0
        },
        {
            "id": 180,
            "image_id": 16,
            "category_id": 2,
            "bbox": [
                135,
                108,
                54,
                109
            ],
            "area": 5886,
            "segmentation": [],
            "iscrowd": 0
        },
        {
            "id": 181,
            "image_id": 16,
            "category_id": 1,
            "bbox": [
                203,
                28,
                74,
                102
            ],
            "area": 7548,
            "segmentation": [],
            "iscrowd": 0
        },
        {
            "id": 182,
            "image_id": 16,
            "category_id": 4,
            "bbox": [
                29,
                231,
                89,
                130
            ],
            "area": 11570,
            "segmentation": [],
            "iscrowd": 0
        },
        {
            "id": 183,
            "image_id": 16,
            "category_id": 4,
            "bbox": [
                126,
                181,
                106,
                142
            ],
            "area": 15052,
            "segmentation": [],
            "iscrowd": 0
        },
        {
            "id": 184,
            "image_id": 16,
            "category_id": 4,
            "bbox": [
                232,
                134,
                114,
                94
            ],
            "area": 10716,
            "segmentation": [],
            "iscrowd": 0
        },
        {
            "id": 185,
            "image_id": 16,
            "category_id": 4,
            "bbox": [
                168,
                289,
                98,
                113
            ],
            "area": 11074,
            "segmentation": [],
            "iscrowd": 0
        },
        {
            "id": 186,
            "image_id": 16,
            "category_id": 4,
            "bbox": [
                308,
                219,
                105,
                150
            ],
            "area": 15750,
            "segmentation": [],
            "iscrowd": 0
        },
        {
            "id": 187,
            "image_id": 17,
            "category_id": 3,
            "bbox": [
                345,
                69,
                46,
                66
            ],
            "area": 3036,
            "segmentation": [],
            "iscrowd": 0
        },
        {
            "id": 188,
            "image_id": 17,
            "category_id": 3,
            "bbox": [
                218,
                6,
                47,
                58
            ],
            "area": 2726,
            "segmentation": [],
            "iscrowd": 0
        },
        {
            "id": 189,
            "image_id": 17,
            "category_id": 3,
            "bbox": [
                37,
                79,
                48,
                72
            ],
            "area": 3456,
            "segmentation": [],
            "iscrowd": 0
        },
        {
            "id": 190,
            "image_id": 17,
            "category_id": 2,
            "bbox": [
                271,
                102,
                50,
                101
            ],
            "area": 5050,
            "segmentation": [],
            "iscrowd": 0
        },
        {
            "id": 191,
            "image_id": 17,
            "category_id": 2,
            "bbox": [
                219,
                116,
                54,
                104
            ],
            "area": 5616,
            "segmentation": [],
            "iscrowd": 0
        },
        {
            "id": 192,
            "image_id": 17,
            "category_id": 1,
            "bbox": [
                135,
                43,
                72,
                98
            ],
            "area": 7056,
            "segmentation": [],
            "iscrowd": 0
        },
        {
            "id": 193,
            "image_id": 17,
            "category_id": 4,
            "bbox": [
                289,
                228,
                88,
                124
            ],
            "area": 10912,
            "segmentation": [],
            "iscrowd": 0
        },
        {
            "id": 194,
            "image_id": 17,
            "category_id": 4,
            "bbox": [
                182,
                184,
                103,
                136
            ],
            "area": 14008,
            "segmentation": [],
            "iscrowd": 0
        },
        {
            "id": 195,
            "image_id": 17,
            "category_id": 4,
            "bbox": [
                73,
                144,
                110,
                91
            ],
            "area": 10010,
            "segmentation": [],
            "iscrowd": 0
        },
        {
            "id": 196,
            "image_id": 17,
            "category_id": 4,
            "bbox": [
                154,
                286,
                95,
                108
            ],
            "area": 10260,
            "segmentation": [],
            "iscrowd": 0
        },
        {
            "id": 197,
            "image_id": 17,
            "category_id": 4,
            "bbox": [
                13,
                226,
                103,
                143
            ],
            "area": 14729,
            "segmentation": [],
            "iscrowd": 0
        }
    ]
}